sample_id	interaction	parasite	count	per_100_ants
2018-02-27|PAL|1|trail|worker|r1	parasitism	A_attophilus	7	1.609
2018-02-27|PAL|1|trail|worker|r1	parasitism	N_erthali	4	0.92
2018-02-27|PAL|1|trail|worker|r1	parasitism	M_grandicornis	1	0.23
2018-02-27|PAL|2|trail|worker|r1	parasitism	A_attophilus	24	13.873
2018-02-27|PAL|2|trail|worker|r1	parasitism	N_erthali	8	4.624
2018-02-27|PAL|2|mound|worker|r1	parasitism	N_erthali	1	0.332
2018-02-27|PAL|3|trail|worker|r1	parasitism	A_attophilus	17	9.884
2018-02-27|PAL|3|trail|worker|r1	parasitism	N_erthali	10	5.814
2018-02-27|PAL|3|mound|worker|r1	parasitism	M_grandicornis	1	1.19
2018-02-27|PAL|4|trail|worker|r1	parasitism	A_attophilus	1	0.515
2018-02-27|PAL|4|mound|worker|r1	parasitism	N_erthali	1	0.787
2018-03-07|PAL|1|trail|worker|r1	parasitism	A_attophilus	6	4.444
2018-03-07|PAL|1|trail|worker|r1	parasitism	N_erthali	3	2.222
2018-03-07|PAL|2|trail|worker|r1	parasitism	A_attophilus	3	2.143
2018-03-07|PAL|2|trail|worker|r1	parasitism	A_vicosae	1	0.714
2018-03-07|PAL|2|trail|worker|r1	parasitism	N_erthali	7	5
2018-03-07|PAL|2|mound|worker|r1	parasitism	N_erthali	2	0.766
2018-03-07|PAL|3|trail|worker|r1	parasitism	A_attophilus	27	11.066
2018-03-07|PAL|3|mound|worker|r1	parasitism	N_erthali	1	0.297
2018-03-07|PAL|4|trail|worker|r1	parasitism	A_attophilus	5	10.204
2018-03-07|PAL|4|trail|worker|r1	parasitism	N_erthali	3	6.122
2018-03-19|PAL|1|trail|worker|r1	parasitism	N_erthali	1	0.481
2018-03-19|PAL|2|trail|worker|r1	parasitism	A_attophilus	4	2.74
2018-03-19|PAL|2|trail|worker|r1	parasitism	N_erthali	2	1.37
2018-03-19|PAL|3|trail|worker|r1	parasitism	A_attophilus	35	20.958
2018-03-19|PAL|3|trail|worker|r1	parasitism	N_erthali	3	1.796
2018-03-19|PAL|3|trail|worker|r1	parasitism	M_grandicornis	1	0.599
2018-03-19|PAL|4|trail|worker|r1	parasitism	N_erthali	3	2.362
2018-03-19|PAL|4|mound|worker|r1	parasitism	N_erthali	3	2.857
2018-04-02|PAL|1|trail|worker|r1	parasitism	A_attophilus	10	4.926
2018-04-02|PAL|1|trail|worker|r1	parasitism	N_erthali	1	0.493
2018-04-02|PAL|2|trail|worker|r1	parasitism	N_erthali	2	1.961
2018-04-02|PAL|3|trail|worker|r1	parasitism	A_attophilus	19	4.948
2018-04-02|PAL|3|trail|worker|r1	parasitism	N_erthali	5	1.302
2018-04-02|PAL|4|trail|worker|r1	parasitism	A_attophilus	2	1.031
2018-04-02|PAL|4|trail|worker|r1	parasitism	N_erthali	1	0.515
2018-05-16|PAL|1|trail|worker|r1	parasitism	A_attophilus	3	0.923
2018-05-16|PAL|1|trail|worker|r1	parasitism	N_erthali	2	0.615
2018-05-16|PAL|2|trail|worker|r1	parasitism	A_attophilus	3	0.815
2018-05-16|PAL|2|trail|worker|r1	parasitism	N_erthali	2	0.543
2018-05-16|PAL|3|trail|soldier|r1	parasitism	N_erthali	1	0.658
2018-05-16|PAL|3|trail|worker|r1	parasitism	A_attophilus	78	20.051
2018-05-16|PAL|3|trail|worker|r1	parasitism	N_erthali	9	2.314
2018-05-16|PAL|5|trail|worker|r1	parasitism	N_erthali	1	0.637
2018-05-16|PAL|6|trail|worker|r1	parasitism	A_attophilus	1	0.806
2018-05-16|PAL|7|trail|worker|r1	parasitism	A_attophilus	2	5.405
2018-05-30|PAL|1|trail|worker|r1	parasitism	N_erthali	5	1.068
2018-05-30|PAL|2|trail|worker|r1	parasitism	A_attophilus	1	1.299
2018-05-30|PAL|3|trail|soldier|r1	parasitism	N_erthali	1	0.515
2018-05-30|PAL|3|trail|worker|r1	parasitism	A_attophilus	13	2.385
2018-05-30|PAL|3|trail|worker|r1	parasitism	N_erthali	1	0.183
2018-05-30|PAL|4|trail|worker|r1	parasitism	N_erthali	2	0.881
2018-05-30|PAL|5|trail|worker|r1	parasitism	N_erthali	4	1.762
2018-05-30|PAL|6|trail|worker|r1	parasitism	A_attophilus	1	0.31
2018-05-30|PAL|6|trail|worker|r1	parasitism	N_erthali	2	0.619
2018-05-30|PAL|7|trail|worker|r1	parasitism	A_attophilus	3	0.759
2018-05-30|PAL|7|trail|worker|r1	parasitism	N_erthali	5	1.266
2018-06-26|EMB|8|trail|worker|r1	parasitism	A_attophilus	1	1.266
2018-06-26|EMB|10|trail|soldier|r1	parasitism	N_erthali	1	1.333
2018-06-26|EMB|10|trail|worker|r1	parasitism	A_attophilus	1	0.524
2018-06-26|EMB|10|trail|worker|r1	parasitism	A_vicosae	1	0.524
2018-06-26|EMB|10|trail|worker|r1	parasitism	N_erthali	1	0.524
2018-06-26|EMB|10|trail|worker|r1	parasitism	M_grandicornis	1	0.524
2018-06-26|EMB|10|mound|soldier|r1	parasitism	N_erthali	2	4.348
2018-06-26|EMB|11|trail|worker|r1	parasitism	A_attophilus	1	1.471
2018-06-26|EMB|11|trail|worker|r1	parasitism	M_grandicornis	1	1.471
2018-06-26|EMB|11|mound|worker|r1	parasitism	N_erthali	1	1.235
2018-06-26|EMB|12|trail|worker|r1	parasitism	A_attophilus	27	12.558
2018-06-26|EMB|12|trail|worker|r1	parasitism	N_erthali	6	2.791
2018-06-26|EMB|12|trail|worker|r1	parasitism	M_grandicornis	1	0.465
2018-06-26|EMB|13|trail|worker|r1	parasitism	A_attophilus	1	0.99
2018-07-24|EMB|8|trail|worker|r1	parasitism	A_attophilus	1	0.962
2018-07-24|EMB|10|trail|worker|r1	parasitism	A_attophilus	1	0.775
2018-07-24|EMB|11|trail|worker|r1	parasitism	A_attophilus	1	0.877
2018-07-24|EMB|11|trail|worker|r1	parasitism	A_vicosae	1	0.877
2018-07-24|EMB|11|trail|worker|r1	parasitism	N_erthali	3	2.632
2018-07-24|EMB|12|trail|worker|r1	parasitism	A_attophilus	4	1.653
2018-07-24|EMB|12|trail|worker|r1	parasitism	N_erthali	3	1.24
2018-08-06|EMB|8|trail|worker|r1	parasitism	A_attophilus	1	0.353
2018-08-06|EMB|8|trail|worker|r2	parasitism	A_attophilus	151	34.713
2018-08-06|EMB|8|trail|worker|r2	parasitism	A_vicosae	4	0.92
2018-08-06|EMB|8|trail|worker|r2	parasitism	N_erthali	7	1.609
2018-08-06|EMB|10|trail|worker|r1	parasitism	A_vicosae	1	0.385
2018-08-06|EMB|11|trail|worker|r1	parasitism	A_attophilus	4	3.636
2018-08-06|EMB|11|trail|worker|r1	parasitism	A_vicosae	1	0.909
2018-08-06|EMB|12|trail|worker|r1	parasitism	N_erthali	1	7.692
2018-09-03|EMB|8|trail|worker|r1	parasitism	A_attophilus	1	0.794
2018-09-03|EMB|8|trail|worker|r2	parasitism	A_attophilus	16	4.893
2018-09-03|EMB|8|trail|worker|r2	parasitism	A_vicosae	2	0.612
2018-09-03|EMB|8|trail|worker|r2	parasitism	N_erthali	2	0.612
2018-09-03|EMB|10|trail|worker|r1	parasitism	A_attophilus	4	1.036
2018-09-03|EMB|10|trail|worker|r1	parasitism	A_vicosae	11	2.85
2018-09-03|EMB|10|trail|worker|r1	parasitism	N_erthali	1	0.259
2018-09-03|EMB|12|trail|worker|r1	parasitism	A_attophilus	8	2.388
2018-09-03|EMB|12|trail|worker|r1	parasitism	N_erthali	4	1.194
2018-09-24|EMB|8|trail|soldier|r1	parasitism	N_erthali	5	2.37
2018-09-24|EMB|8|trail|worker|r1	parasitism	A_attophilus	16	3.791
2018-09-24|EMB|8|trail|worker|r1	parasitism	A_vicosae	2	0.474
2018-09-24|EMB|8|trail|worker|r1	parasitism	N_erthali	5	1.185
2018-09-24|EMB|10|trail|worker|r1	parasitism	A_vicosae	2	0.897
2018-09-24|EMB|11|trail|worker|r1	parasitism	A_attophilus	2	0.635
2018-09-24|EMB|11|trail|worker|r1	parasitism	N_erthali	1	0.317
2018-09-24|EMB|12|trail|worker|r1	parasitism	N_erthali	3	0.98
2018-10-08|UFT|14|trail|worker|r1	parasitism	A_attophilus	1	0.243
2018-10-08|UFT|14|trail|worker|r1	parasitism	A_vicosae	1	0.243
2018-10-08|UFT|14|trail|worker|r1	parasitism	M_grandicornis	1	0.243
2018-10-08|UFT|15|trail|worker|r1	parasitism	A_attophilus	1	0.478
2018-10-08|UFT|15|trail|worker|r1	parasitism	M_grandicornis	8	3.828
2018-10-08|UFT|15|mound|worker|r1	parasitism	M_grandicornis	1	0.971
2018-10-08|UFT|16|trail|worker|r1	parasitism	A_vicosae	2	0.568
2018-10-08|UFT|16|trail|worker|r1	parasitism	N_erthali	1	0.284
2018-10-08|UFT|16|trail|worker|r1	parasitism	M_grandicornis	4	1.136
2018-10-22|UFT|14|trail|worker|r1	parasitism	N_erthali	2	0.436
2018-10-22|UFT|15|trail|worker|r1	parasitism	A_vicosae	5	2.358
2018-10-22|UFT|15|trail|worker|r1	parasitism	M_grandicornis	60	28.302
2018-10-22|UFT|15|mound|worker|r1	parasitism	M_grandicornis	1	0.463
2018-10-22|UFT|16|trail|worker|r1	parasitism	A_attophilus	3	0.725
2018-10-22|UFT|16|trail|worker|r1	parasitism	A_vicosae	22	5.314
2018-10-22|UFT|16|trail|worker|r1	parasitism	N_erthali	8	1.932
2018-10-22|UFT|16|trail|worker|r1	parasitism	M_grandicornis	14	3.382
2018-11-05|UFT|15|trail|worker|r1	parasitism	A_vicosae	3	0.73
2018-11-05|UFT|15|trail|worker|r1	parasitism	N_erthali	3	0.73
2018-11-05|UFT|15|trail|worker|r1	parasitism	M_grandicornis	120	29.197
2018-11-05|UFT|15|mound|worker|r1	parasitism	M_grandicornis	5	1.408
2018-11-05|UFT|16|trail|soldier|r1	parasitism	N_erthali	2	1.653
2018-11-05|UFT|16|trail|worker|r1	parasitism	A_attophilus	3	0.683
2018-11-05|UFT|16|trail|worker|r1	parasitism	A_vicosae	23	5.239
2018-11-05|UFT|16|trail|worker|r1	parasitism	N_erthali	35	7.973
2018-11-05|UFT|16|trail|worker|r1	parasitism	M_grandicornis	25	5.695
2019-01-30|UFT|17|trail|worker|r1	parasitism	A_vicosae	1	0.146
2019-01-30|UFT|17|trail|worker|r1	parasitism	N_erthali	3	0.439
2019-01-30|UFT|17|trail|worker|r1	parasitism	M_grandicornis	7	1.023
2019-01-30|UFT|17|mound|worker|r1	parasitism	N_erthali	1	0.136
2019-01-30|UFT|17|mound|worker|r1	parasitism	M_grandicornis	3	0.409
2019-01-30|UFT|18|trail|worker|r1	parasitism	A_vicosae	79	18.203
2019-01-30|UFT|18|trail|worker|r1	parasitism	M_grandicornis	7	1.613
2019-01-30|UFT|18|mound|worker|r1	parasitism	M_grandicornis	4	0.742
