id	node_type	date	site	colony	local	caste	n_ants	n_parasitized	prevalence
2018-02-27|PAL|1|trail|soldier|r1	sample	2018-02-27	PAL	1	trail	soldier	46	0	0
2018-02-27|PAL|1|trail|worker|r1	sample	2018-02-27	PAL	1	trail	worker	435	12	2.759
2018-02-27|PAL|1|mound|soldier|r1	sample	2018-02-27	PAL	1	mound	soldier	28	0	0
2018-02-27|PAL|1|mound|worker|r1	sample	2018-02-27	PAL	1	mound	worker	71	0	0
2018-02-27|PAL|2|trail|soldier|r1	sample	2018-02-27	PAL	2	trail	soldier	29	0	0
2018-02-27|PAL|2|trail|worker|r1	sample	2018-02-27	PAL	2	trail	worker	173	32	18.497
2018-02-27|PAL|2|mound|soldier|r1	sample	2018-02-27	PAL	2	mound	soldier	18	0	0
2018-02-27|PAL|2|mound|worker|r1	sample	2018-02-27	PAL	2	mound	worker	301	1	0.332
2018-02-27|PAL|3|trail|soldier|r1	sample	2018-02-27	PAL	3	trail	soldier	48	0	0
2018-02-27|PAL|3|trail|worker|r1	sample	2018-02-27	PAL	3	trail	worker	172	27	15.698
2018-02-27|PAL|3|mound|soldier|r1	sample	2018-02-27	PAL	3	mound	soldier	41	0	0
2018-02-27|PAL|3|mound|worker|r1	sample	2018-02-27	PAL	3	mound	worker	84	1	1.19
2018-02-27|PAL|4|trail|soldier|r1	sample	2018-02-27	PAL	4	trail	soldier	67	0	0
2018-02-27|PAL|4|trail|worker|r1	sample	2018-02-27	PAL	4	trail	worker	194	1	0.515
2018-02-27|PAL|4|mound|soldier|r1	sample	2018-02-27	PAL	4	mound	soldier	39	0	0
2018-02-27|PAL|4|mound|worker|r1	sample	2018-02-27	PAL	4	mound	worker	127	1	0.787
2018-03-07|PAL|1|trail|soldier|r1	sample	2018-03-07	PAL	1	trail	soldier	27	0	0
2018-03-07|PAL|1|trail|worker|r1	sample	2018-03-07	PAL	1	trail	worker	135	9	6.667
2018-03-07|PAL|1|mound|soldier|r1	sample	2018-03-07	PAL	1	mound	soldier	28	0	0
2018-03-07|PAL|1|mound|worker|r1	sample	2018-03-07	PAL	1	mound	worker	118	0	0
2018-03-07|PAL|2|trail|soldier|r1	sample	2018-03-07	PAL	2	trail	soldier	58	0	0
2018-03-07|PAL|2|trail|worker|r1	sample	2018-03-07	PAL	2	trail	worker	140	11	7.857
2018-03-07|PAL|2|mound|soldier|r1	sample	2018-03-07	PAL	2	mound	soldier	37	0	0
2018-03-07|PAL|2|mound|worker|r1	sample	2018-03-07	PAL	2	mound	worker	261	2	0.766
2018-03-07|PAL|3|trail|soldier|r1	sample	2018-03-07	PAL	3	trail	soldier	30	0	0
2018-03-07|PAL|3|trail|worker|r1	sample	2018-03-07	PAL	3	trail	worker	244	27	11.066
2018-03-07|PAL|3|mound|soldier|r1	sample	2018-03-07	PAL	3	mound	soldier	24	0	0
2018-03-07|PAL|3|mound|worker|r1	sample	2018-03-07	PAL	3	mound	worker	337	1	0.297
2018-03-07|PAL|4|trail|soldier|r1	sample	2018-03-07	PAL	4	trail	soldier	58	0	0
2018-03-07|PAL|4|trail|worker|r1	sample	2018-03-07	PAL	4	trail	worker	49	8	16.327
2018-03-07|PAL|4|mound|soldier|r1	sample	2018-03-07	PAL	4	mound	soldier	56	0	0
2018-03-07|PAL|4|mound|worker|r1	sample	2018-03-07	PAL	4	mound	worker	126	0	0
2018-03-19|PAL|1|trail|soldier|r1	sample	2018-03-19	PAL	1	trail	soldier	91	0	0
2018-03-19|PAL|1|trail|worker|r1	sample	2018-03-19	PAL	1	trail	worker	208	1	0.481
2018-03-19|PAL|1|mound|soldier|r1	sample	2018-03-19	PAL	1	mound	soldier	39	0	0
2018-03-19|PAL|1|mound|worker|r1	sample	2018-03-19	PAL	1	mound	worker	138	0	0
2018-03-19|PAL|2|trail|soldier|r1	sample	2018-03-19	PAL	2	trail	soldier	68	0	0
2018-03-19|PAL|2|trail|worker|r1	sample	2018-03-19	PAL	2	trail	worker	146	6	4.11
2018-03-19|PAL|2|mound|soldier|r1	sample	2018-03-19	PAL	2	mound	soldier	32	0	0
2018-03-19|PAL|2|mound|worker|r1	sample	2018-03-19	PAL	2	mound	worker	72	0	0
2018-03-19|PAL|3|trail|soldier|r1	sample	2018-03-19	PAL	3	trail	soldier	45	0	0
2018-03-19|PAL|3|trail|worker|r1	sample	2018-03-19	PAL	3	trail	worker	167	39	23.353
2018-03-19|PAL|3|mound|soldier|r1	sample	2018-03-19	PAL	3	mound	soldier	95	0	0
2018-03-19|PAL|3|mound|worker|r1	sample	2018-03-19	PAL	3	mound	worker	212	0	0
2018-03-19|PAL|4|trail|soldier|r1	sample	2018-03-19	PAL	4	trail	soldier	65	0	0
2018-03-19|PAL|4|trail|worker|r1	sample	2018-03-19	PAL	4	trail	worker	127	3	2.362
2018-03-19|PAL|4|mound|soldier|r1	sample	2018-03-19	PAL	4	mound	soldier	44	0	0
2018-03-19|PAL|4|mound|worker|r1	sample	2018-03-19	PAL	4	mound	worker	105	3	2.857
2018-04-02|PAL|1|trail|soldier|r1	sample	2018-04-02	PAL	1	trail	soldier	68	0	0
2018-04-02|PAL|1|trail|worker|r1	sample	2018-04-02	PAL	1	trail	worker	203	11	5.419
2018-04-02|PAL|1|mound|soldier|r1	sample	2018-04-02	PAL	1	mound	soldier	51	0	0
2018-04-02|PAL|1|mound|worker|r1	sample	2018-04-02	PAL	1	mound	worker	34	0	0
2018-04-02|PAL|2|trail|soldier|r1	sample	2018-04-02	PAL	2	trail	soldier	51	0	0
2018-04-02|PAL|2|trail|worker|r1	sample	2018-04-02	PAL	2	trail	worker	102	2	1.961
2018-04-02|PAL|2|mound|soldier|r1	sample	2018-04-02	PAL	2	mound	soldier	71	0	0
2018-04-02|PAL|2|mound|worker|r1	sample	2018-04-02	PAL	2	mound	worker	26	0	0
2018-04-02|PAL|3|trail|soldier|r1	sample	2018-04-02	PAL	3	trail	soldier	87	0	0
2018-04-02|PAL|3|trail|worker|r1	sample	2018-04-02	PAL	3	trail	worker	384	24	6.25
2018-04-02|PAL|3|mound|soldier|r1	sample	2018-04-02	PAL	3	mound	soldier	43	0	0
2018-04-02|PAL|3|mound|worker|r1	sample	2018-04-02	PAL	3	mound	worker	153	0	0
2018-04-02|PAL|4|trail|soldier|r1	sample	2018-04-02	PAL	4	trail	soldier	46	0	0
2018-04-02|PAL|4|trail|worker|r1	sample	2018-04-02	PAL	4	trail	worker	194	3	1.546
2018-04-02|PAL|4|mound|soldier|r1	sample	2018-04-02	PAL	4	mound	soldier	68	0	0
2018-04-02|PAL|4|mound|worker|r1	sample	2018-04-02	PAL	4	mound	worker	123	0	0
2018-05-16|PAL|1|trail|soldier|r1	sample	2018-05-16	PAL	1	trail	soldier	10	0	0
2018-05-16|PAL|1|trail|worker|r1	sample	2018-05-16	PAL	1	trail	worker	325	5	1.538
2018-05-16|PAL|1|mound|soldier|r1	sample	2018-05-16	PAL	1	mound	soldier	22	0	0
2018-05-16|PAL|1|mound|worker|r1	sample	2018-05-16	PAL	1	mound	worker	487	0	0
2018-05-16|PAL|2|trail|soldier|r1	sample	2018-05-16	PAL	2	trail	soldier	72	0	0
2018-05-16|PAL|2|trail|worker|r1	sample	2018-05-16	PAL	2	trail	worker	368	5	1.359
2018-05-16|PAL|2|mound|soldier|r1	sample	2018-05-16	PAL	2	mound	soldier	91	0	0
2018-05-16|PAL|2|mound|worker|r1	sample	2018-05-16	PAL	2	mound	worker	196	0	0
2018-05-16|PAL|3|trail|soldier|r1	sample	2018-05-16	PAL	3	trail	soldier	152	1	0.658
2018-05-16|PAL|3|trail|worker|r1	sample	2018-05-16	PAL	3	trail	worker	389	87	22.365
2018-05-16|PAL|3|mound|soldier|r1	sample	2018-05-16	PAL	3	mound	soldier	26	0	0
2018-05-16|PAL|3|mound|worker|r1	sample	2018-05-16	PAL	3	mound	worker	476	0	0
2018-05-16|PAL|5|trail|soldier|r1	sample	2018-05-16	PAL	5	trail	soldier	66	0	0
2018-05-16|PAL|5|trail|worker|r1	sample	2018-05-16	PAL	5	trail	worker	157	1	0.637
2018-05-16|PAL|5|mound|soldier|r1	sample	2018-05-16	PAL	5	mound	soldier	81	0	0
2018-05-16|PAL|5|mound|worker|r1	sample	2018-05-16	PAL	5	mound	worker	122	0	0
2018-05-16|PAL|6|trail|soldier|r1	sample	2018-05-16	PAL	6	trail	soldier	127	0	0
2018-05-16|PAL|6|trail|worker|r1	sample	2018-05-16	PAL	6	trail	worker	124	1	0.806
2018-05-16|PAL|6|mound|soldier|r1	sample	2018-05-16	PAL	6	mound	soldier	205	0	0
2018-05-16|PAL|6|mound|worker|r1	sample	2018-05-16	PAL	6	mound	worker	85	0	0
2018-05-16|PAL|7|trail|soldier|r1	sample	2018-05-16	PAL	7	trail	soldier	68	0	0
2018-05-16|PAL|7|trail|worker|r1	sample	2018-05-16	PAL	7	trail	worker	37	2	5.405
2018-05-16|PAL|7|mound|soldier|r1	sample	2018-05-16	PAL	7	mound	soldier	90	0	0
2018-05-16|PAL|7|mound|worker|r1	sample	2018-05-16	PAL	7	mound	worker	270	0	0
2018-05-30|PAL|1|trail|soldier|r1	sample	2018-05-30	PAL	1	trail	soldier	58	0	0
2018-05-30|PAL|1|trail|worker|r1	sample	2018-05-30	PAL	1	trail	worker	468	5	1.068
2018-05-30|PAL|1|mound|soldier|r1	sample	2018-05-30	PAL	1	mound	soldier	45	0	0
2018-05-30|PAL|1|mound|worker|r1	sample	2018-05-30	PAL	1	mound	worker	94	0	0
2018-05-30|PAL|2|trail|soldier|r1	sample	2018-05-30	PAL	2	trail	soldier	25	0	0
2018-05-30|PAL|2|trail|worker|r1	sample	2018-05-30	PAL	2	trail	worker	77	1	1.299
2018-05-30|PAL|2|mound|soldier|r1	sample	2018-05-30	PAL	2	mound	soldier	55	0	0
2018-05-30|PAL|2|mound|worker|r1	sample	2018-05-30	PAL	2	mound	worker	343	0	0
2018-05-30|PAL|3|trail|soldier|r1	sample	2018-05-30	PAL	3	trail	soldier	194	1	0.515
2018-05-30|PAL|3|trail|worker|r1	sample	2018-05-30	PAL	3	trail	worker	545	14	2.569
2018-05-30|PAL|3|mound|soldier|r1	sample	2018-05-30	PAL	3	mound	soldier	84	0	0
2018-05-30|PAL|3|mound|worker|r1	sample	2018-05-30	PAL	3	mound	worker	214	0	0
2018-05-30|PAL|4|trail|soldier|r1	sample	2018-05-30	PAL	4	trail	soldier	149	0	0
2018-05-30|PAL|4|trail|worker|r1	sample	2018-05-30	PAL	4	trail	worker	227	2	0.881
2018-05-30|PAL|4|mound|soldier|r1	sample	2018-05-30	PAL	4	mound	soldier	13	0	0
2018-05-30|PAL|4|mound|worker|r1	sample	2018-05-30	PAL	4	mound	worker	351	0	0
2018-05-30|PAL|5|trail|soldier|r1	sample	2018-05-30	PAL	5	trail	soldier	17	0	0
2018-05-30|PAL|5|trail|worker|r1	sample	2018-05-30	PAL	5	trail	worker	227	4	1.762
2018-05-30|PAL|5|mound|soldier|r1	sample	2018-05-30	PAL	5	mound	soldier	11	0	0
2018-05-30|PAL|5|mound|worker|r1	sample	2018-05-30	PAL	5	mound	worker	70	0	0
2018-05-30|PAL|6|trail|soldier|r1	sample	2018-05-30	PAL	6	trail	soldier	288	0	0
2018-05-30|PAL|6|trail|worker|r1	sample	2018-05-30	PAL	6	trail	worker	323	3	0.929
2018-05-30|PAL|6|mound|soldier|r1	sample	2018-05-30	PAL	6	mound	soldier	156	0	0
2018-05-30|PAL|6|mound|worker|r1	sample	2018-05-30	PAL	6	mound	worker	204	0	0
2018-05-30|PAL|7|trail|soldier|r1	sample	2018-05-30	PAL	7	trail	soldier	124	0	0
2018-05-30|PAL|7|trail|worker|r1	sample	2018-05-30	PAL	7	trail	worker	395	8	2.025
2018-05-30|PAL|7|mound|soldier|r1	sample	2018-05-30	PAL	7	mound	soldier	135	0	0
2018-05-30|PAL|7|mound|worker|r1	sample	2018-05-30	PAL	7	mound	worker	396	0	0
2018-06-26|EMB|8|trail|soldier|r1	sample	2018-06-26	EMB	8	trail	soldier	88	0	0
2018-06-26|EMB|8|trail|worker|r1	sample	2018-06-26	EMB	8	trail	worker	79	1	1.266
2018-06-26|EMB|8|mound|soldier|r1	sample	2018-06-26	EMB	8	mound	soldier	37	0	0
2018-06-26|EMB|8|mound|worker|r1	sample	2018-06-26	EMB	8	mound	worker	88	0	0
2018-06-26|EMB|9|trail|soldier|r1	sample	2018-06-26	EMB	9	trail	soldier	32	0	0
2018-06-26|EMB|9|trail|worker|r1	sample	2018-06-26	EMB	9	trail	worker	78	0	0
2018-06-26|EMB|9|mound|soldier|r1	sample	2018-06-26	EMB	9	mound	soldier	26	0	0
2018-06-26|EMB|9|mound|worker|r1	sample	2018-06-26	EMB	9	mound	worker	52	0	0
2018-06-26|EMB|10|trail|soldier|r1	sample	2018-06-26	EMB	10	trail	soldier	75	1	1.333
2018-06-26|EMB|10|trail|worker|r1	sample	2018-06-26	EMB	10	trail	worker	191	4	2.094
2018-06-26|EMB|10|mound|soldier|r1	sample	2018-06-26	EMB	10	mound	soldier	46	2	4.348
2018-06-26|EMB|10|mound|worker|r1	sample	2018-06-26	EMB	10	mound	worker	62	0	0
2018-06-26|EMB|11|trail|soldier|r1	sample	2018-06-26	EMB	11	trail	soldier	125	0	0
2018-06-26|EMB|11|trail|worker|r1	sample	2018-06-26	EMB	11	trail	worker	68	2	2.941
2018-06-26|EMB|11|mound|soldier|r1	sample	2018-06-26	EMB	11	mound	soldier	143	0	0
2018-06-26|EMB|11|mound|worker|r1	sample	2018-06-26	EMB	11	mound	worker	81	1	1.235
2018-06-26|EMB|12|trail|soldier|r1	sample	2018-06-26	EMB	12	trail	soldier	102	0	0
2018-06-26|EMB|12|trail|worker|r1	sample	2018-06-26	EMB	12	trail	worker	215	34	15.814
2018-06-26|EMB|12|mound|soldier|r1	sample	2018-06-26	EMB	12	mound	soldier	36	0	0
2018-06-26|EMB|12|mound|worker|r1	sample	2018-06-26	EMB	12	mound	worker	78	0	0
2018-06-26|EMB|13|trail|soldier|r1	sample	2018-06-26	EMB	13	trail	soldier	57	0	0
2018-06-26|EMB|13|trail|worker|r1	sample	2018-06-26	EMB	13	trail	worker	101	1	0.99
2018-06-26|EMB|13|mound|soldier|r1	sample	2018-06-26	EMB	13	mound	soldier	21	0	0
2018-06-26|EMB|13|mound|worker|r1	sample	2018-06-26	EMB	13	mound	worker	69	0	0
2018-07-24|EMB|8|trail|soldier|r1	sample	2018-07-24	EMB	8	trail	soldier	45	0	0
2018-07-24|EMB|8|trail|worker|r1	sample	2018-07-24	EMB	8	trail	worker	104	1	0.962
2018-07-24|EMB|8|mound|soldier|r1	sample	2018-07-24	EMB	8	mound	soldier	13	0	0
2018-07-24|EMB|8|mound|worker|r1	sample	2018-07-24	EMB	8	mound	worker	57	0	0
2018-07-24|EMB|9|trail|soldier|r1	sample	2018-07-24	EMB	9	trail	soldier	31	0	0
2018-07-24|EMB|9|trail|worker|r1	sample	2018-07-24	EMB	9	trail	worker	69	0	0
2018-07-24|EMB|9|mound|soldier|r1	sample	2018-07-24	EMB	9	mound	soldier	11	0	0
2018-07-24|EMB|9|mound|worker|r1	sample	2018-07-24	EMB	9	mound	worker	47	0	0
2018-07-24|EMB|10|trail|soldier|r1	sample	2018-07-24	EMB	10	trail	soldier	34	0	0
2018-07-24|EMB|10|trail|worker|r1	sample	2018-07-24	EMB	10	trail	worker	129	1	0.775
2018-07-24|EMB|10|mound|soldier|r1	sample	2018-07-24	EMB	10	mound	soldier	49	0	0
2018-07-24|EMB|10|mound|worker|r1	sample	2018-07-24	EMB	10	mound	worker	119	0	0
2018-07-24|EMB|11|trail|soldier|r1	sample	2018-07-24	EMB	11	trail	soldier	82	0	0
2018-07-24|EMB|11|trail|worker|r1	sample	2018-07-24	EMB	11	trail	worker	114	5	4.386
2018-07-24|EMB|11|mound|soldier|r1	sample	2018-07-24	EMB	11	mound	soldier	112	0	0
2018-07-24|EMB|11|mound|worker|r1	sample	2018-07-24	EMB	11	mound	worker	46	0	0
2018-07-24|EMB|12|trail|soldier|r1	sample	2018-07-24	EMB	12	trail	soldier	40	0	0
2018-07-24|EMB|12|trail|worker|r1	sample	2018-07-24	EMB	12	trail	worker	242	7	2.893
2018-07-24|EMB|12|mound|soldier|r1	sample	2018-07-24	EMB	12	mound	soldier	32	0	0
2018-07-24|EMB|12|mound|worker|r1	sample	2018-07-24	EMB	12	mound	worker	56	0	0
2018-07-24|EMB|13|trail|soldier|r1	sample	2018-07-24	EMB	13	trail	soldier	13	0	0
2018-07-24|EMB|13|trail|worker|r1	sample	2018-07-24	EMB	13	trail	worker	43	0	0
2018-07-24|EMB|13|mound|soldier|r1	sample	2018-07-24	EMB	13	mound	soldier	24	0	0
2018-07-24|EMB|13|mound|worker|r1	sample	2018-07-24	EMB	13	mound	worker	58	0	0
2018-08-06|EMB|8|trail|worker|r1	sample	2018-08-06	EMB	8	trail	worker	283	1	0.353
2018-08-06|EMB|8|trail|worker|r2	sample	2018-08-06	EMB	8	trail	worker	435	162	37.241
2018-08-06|EMB|9|trail|soldier|r1	sample	2018-08-06	EMB	9	trail	soldier	23	0	0
2018-08-06|EMB|9|trail|worker|r1	sample	2018-08-06	EMB	9	trail	worker	134	0	0
2018-08-06|EMB|10|trail|soldier|r1	sample	2018-08-06	EMB	10	trail	soldier	54	0	0
2018-08-06|EMB|10|trail|worker|r1	sample	2018-08-06	EMB	10	trail	worker	260	1	0.385
2018-08-06|EMB|10|mound|soldier|r1	sample	2018-08-06	EMB	10	mound	soldier	46	0	0
2018-08-06|EMB|10|mound|worker|r1	sample	2018-08-06	EMB	10	mound	worker	137	0	0
2018-08-06|EMB|11|trail|soldier|r1	sample	2018-08-06	EMB	11	trail	soldier	88	0	0
2018-08-06|EMB|11|trail|worker|r1	sample	2018-08-06	EMB	11	trail	worker	110	5	4.545
2018-08-06|EMB|11|mound|soldier|r1	sample	2018-08-06	EMB	11	mound	soldier	112	0	0
2018-08-06|EMB|11|mound|worker|r1	sample	2018-08-06	EMB	11	mound	worker	178	0	0
2018-08-06|EMB|12|trail|soldier|r1	sample	2018-08-06	EMB	12	trail	soldier	24	0	0
2018-08-06|EMB|12|trail|worker|r1	sample	2018-08-06	EMB	12	trail	worker	13	1	7.692
2018-08-06|EMB|12|mound|soldier|r1	sample	2018-08-06	EMB	12	mound	soldier	15	0	0
2018-08-06|EMB|12|mound|worker|r1	sample	2018-08-06	EMB	12	mound	worker	28	0	0
2018-08-06|EMB|13|trail|soldier|r1	sample	2018-08-06	EMB	13	trail	soldier	17	0	0
2018-08-06|EMB|13|trail|worker|r1	sample	2018-08-06	EMB	13	trail	worker	39	0	0
2018-08-06|EMB|13|mound|soldier|r1	sample	2018-08-06	EMB	13	mound	soldier	12	0	0
2018-08-06|EMB|13|mound|worker|r1	sample	2018-08-06	EMB	13	mound	worker	56	0	0
2018-08-06|EMB|13|mound|soldier|r2	sample	2018-08-06	EMB	13	mound	soldier	11	0	0
2018-08-06|EMB|13|mound|worker|r2	sample	2018-08-06	EMB	13	mound	worker	47	0	0
2018-09-03|EMB|8|trail|worker|r1	sample	2018-09-03	EMB	8	trail	worker	126	1	0.794
2018-09-03|EMB|8|trail|worker|r2	sample	2018-09-03	EMB	8	trail	worker	327	20	6.116
2018-09-03|EMB|8|mound|soldier|r1	sample	2018-09-03	EMB	8	mound	soldier	112	0	0
2018-09-03|EMB|8|mound|worker|r1	sample	2018-09-03	EMB	8	mound	worker	124	0	0
2018-09-03|EMB|10|trail|soldier|r1	sample	2018-09-03	EMB	10	trail	soldier	66	0	0
2018-09-03|EMB|10|trail|worker|r1	sample	2018-09-03	EMB	10	trail	worker	386	16	4.145
2018-09-03|EMB|10|mound|soldier|r1	sample	2018-09-03	EMB	10	mound	soldier	7	0	0
2018-09-03|EMB|10|mound|worker|r1	sample	2018-09-03	EMB	10	mound	worker	30	0	0
2018-09-03|EMB|11|trail|soldier|r1	sample	2018-09-03	EMB	11	trail	soldier	58	0	0
2018-09-03|EMB|11|trail|worker|r1	sample	2018-09-03	EMB	11	trail	worker	114	0	0
2018-09-03|EMB|12|trail|soldier|r1	sample	2018-09-03	EMB	12	trail	soldier	89	0	0
2018-09-03|EMB|12|trail|worker|r1	sample	2018-09-03	EMB	12	trail	worker	335	12	3.582
2018-09-03|EMB|12|mound|soldier|r1	sample	2018-09-03	EMB	12	mound	soldier	69	0	0
2018-09-03|EMB|12|mound|worker|r1	sample	2018-09-03	EMB	12	mound	worker	90	0	0
2018-09-24|EMB|8|trail|soldier|r1	sample	2018-09-24	EMB	8	trail	soldier	211	5	2.37
2018-09-24|EMB|8|trail|worker|r1	sample	2018-09-24	EMB	8	trail	worker	422	23	5.45
2018-09-24|EMB|8|mound|soldier|r1	sample	2018-09-24	EMB	8	mound	soldier	84	0	0
2018-09-24|EMB|8|mound|worker|r1	sample	2018-09-24	EMB	8	mound	worker	116	0	0
2018-09-24|EMB|9|trail|soldier|r1	sample	2018-09-24	EMB	9	trail	soldier	112	0	0
2018-09-24|EMB|9|trail|worker|r1	sample	2018-09-24	EMB	9	trail	worker	145	0	0
2018-09-24|EMB|9|mound|soldier|r1	sample	2018-09-24	EMB	9	mound	soldier	25	0	0
2018-09-24|EMB|9|mound|worker|r1	sample	2018-09-24	EMB	9	mound	worker	97	0	0
2018-09-24|EMB|10|trail|soldier|r1	sample	2018-09-24	EMB	10	trail	soldier	38	0	0
2018-09-24|EMB|10|trail|worker|r1	sample	2018-09-24	EMB	10	trail	worker	223	2	0.897
2018-09-24|EMB|10|mound|soldier|r1	sample	2018-09-24	EMB	10	mound	soldier	35	0	0
2018-09-24|EMB|10|mound|worker|r1	sample	2018-09-24	EMB	10	mound	worker	52	0	0
2018-09-24|EMB|11|trail|soldier|r1	sample	2018-09-24	EMB	11	trail	soldier	90	0	0
2018-09-24|EMB|11|trail|worker|r1	sample	2018-09-24	EMB	11	trail	worker	315	3	0.952
2018-09-24|EMB|12|trail|soldier|r1	sample	2018-09-24	EMB	12	trail	soldier	80	0	0
2018-09-24|EMB|12|trail|worker|r1	sample	2018-09-24	EMB	12	trail	worker	306	3	0.98
2018-09-24|EMB|12|mound|soldier|r1	sample	2018-09-24	EMB	12	mound	soldier	56	0	0
2018-09-24|EMB|12|mound|worker|r1	sample	2018-09-24	EMB	12	mound	worker	118	0	0
2018-10-08|UFT|14|trail|soldier|r1	sample	2018-10-08	UFT	14	trail	soldier	110	0	0
2018-10-08|UFT|14|trail|worker|r1	sample	2018-10-08	UFT	14	trail	worker	411	3	0.73
2018-10-08|UFT|14|mound|soldier|r1	sample	2018-10-08	UFT	14	mound	soldier	146	0	0
2018-10-08|UFT|14|mound|worker|r1	sample	2018-10-08	UFT	14	mound	worker	422	0	0
2018-10-08|UFT|15|trail|soldier|r1	sample	2018-10-08	UFT	15	trail	soldier	126	0	0
2018-10-08|UFT|15|trail|worker|r1	sample	2018-10-08	UFT	15	trail	worker	209	9	4.306
2018-10-08|UFT|15|mound|soldier|r1	sample	2018-10-08	UFT	15	mound	soldier	113	0	0
2018-10-08|UFT|15|mound|worker|r1	sample	2018-10-08	UFT	15	mound	worker	103	1	0.971
2018-10-08|UFT|16|trail|soldier|r1	sample	2018-10-08	UFT	16	trail	soldier	94	0	0
2018-10-08|UFT|16|trail|worker|r1	sample	2018-10-08	UFT	16	trail	worker	352	7	1.989
2018-10-22|UFT|14|trail|soldier|r1	sample	2018-10-22	UFT	14	trail	soldier	157	0	0
2018-10-22|UFT|14|trail|worker|r1	sample	2018-10-22	UFT	14	trail	worker	459	2	0.436
2018-10-22|UFT|14|mound|soldier|r1	sample	2018-10-22	UFT	14	mound	soldier	285	0	0
2018-10-22|UFT|14|mound|worker|r1	sample	2018-10-22	UFT	14	mound	worker	418	0	0
2018-10-22|UFT|15|trail|soldier|r1	sample	2018-10-22	UFT	15	trail	soldier	176	0	0
2018-10-22|UFT|15|trail|worker|r1	sample	2018-10-22	UFT	15	trail	worker	212	65	30.66
2018-10-22|UFT|15|mound|soldier|r1	sample	2018-10-22	UFT	15	mound	soldier	151	0	0
2018-10-22|UFT|15|mound|worker|r1	sample	2018-10-22	UFT	15	mound	worker	216	1	0.463
2018-10-22|UFT|16|trail|soldier|r1	sample	2018-10-22	UFT	16	trail	soldier	159	0	0
2018-10-22|UFT|16|trail|worker|r1	sample	2018-10-22	UFT	16	trail	worker	414	47	11.353
2018-11-05|UFT|14|mound|soldier|r1	sample	2018-11-05	UFT	14	mound	soldier	151	0	0
2018-11-05|UFT|14|mound|worker|r1	sample	2018-11-05	UFT	14	mound	worker	363	0	0
2018-11-05|UFT|15|trail|soldier|r1	sample	2018-11-05	UFT	15	trail	soldier	123	0	0
2018-11-05|UFT|15|trail|worker|r1	sample	2018-11-05	UFT	15	trail	worker	411	126	30.657
2018-11-05|UFT|15|mound|soldier|r1	sample	2018-11-05	UFT	15	mound	soldier	155	0	0
2018-11-05|UFT|15|mound|worker|r1	sample	2018-11-05	UFT	15	mound	worker	355	5	1.408
2018-11-05|UFT|16|trail|soldier|r1	sample	2018-11-05	UFT	16	trail	soldier	121	2	1.653
2018-11-05|UFT|16|trail|worker|r1	sample	2018-11-05	UFT	16	trail	worker	439	86	19.59
2019-01-30|UFT|17|trail|soldier|r1	sample	2019-01-30	UFT	17	trail	soldier	55	0	0
2019-01-30|UFT|17|trail|worker|r1	sample	2019-01-30	UFT	17	trail	worker	684	11	1.608
2019-01-30|UFT|17|mound|soldier|r1	sample	2019-01-30	UFT	17	mound	soldier	87	0	0
2019-01-30|UFT|17|mound|worker|r1	sample	2019-01-30	UFT	17	mound	worker	733	4	0.546
2019-01-30|UFT|18|trail|soldier|r1	sample	2019-01-30	UFT	18	trail	soldier	59	0	0
2019-01-30|UFT|18|trail|worker|r1	sample	2019-01-30	UFT	18	trail	worker	434	86	19.816
2019-01-30|UFT|18|mound|soldier|r1	sample	2019-01-30	UFT	18	mound	soldier	68	0	0
2019-01-30|UFT|18|mound|worker|r1	sample	2019-01-30	UFT	18	mound	worker	539	4	0.742
A_attophilus	parasite	NA	NA	NA	NA	NA	NA	NA	NA
A_vicosae	parasite	NA	NA	NA	NA	NA	NA	NA	NA
N_erthali	parasite	NA	NA	NA	NA	NA	NA	NA	NA
M_grandicornis	parasite	NA	NA	NA	NA	NA	NA	NA	NA
