Date	Site	Colony	Local	Caste	No_ants	No_parasitized_ants	A_attophilus	A_vicosae	 N_erthali	M_grandicornis
27-fev.-18	PAL	1	trail	soldier	46	0	0	0	0	0
27-fev.-18	PAL	1	trail	worker	435	12	7	0	4	1
27-fev.-18	PAL	1	mound	soldier	28	0	0	0	0	0
27-fev.-18	PAL	1	mound	worker	71	0	0	0	0	0
27-fev.-18	PAL	2	trail	soldier	29	0	0	0	0	0
27-fev.-18	PAL	2	trail	worker	173	32	24	0	8	0
27-fev.-18	PAL	2	mound	soldier	18	0	0	0	0	0
27-fev.-18	PAL	2	mound	worker	301	1	0	0	1	0
27-fev.-18	PAL	3	trail	soldier	48	0	0	0	0	0
27-fev.-18	PAL	3	trail	worker	172	27	17	0	10	0
27-fev.-18	PAL	3	mound	soldier	41	0	0	0	0	0
27-fev.-18	PAL	3	mound	worker	84	1	0	0	0	1
27-fev.-18	PAL	4	trail	soldier	67	0	0	0	0	0
27-fev.-18	PAL	4	trail	worker	194	1	1	0	0	0
27-fev.-18	PAL	4	mound	soldier	39	0	0	0	0	0
27-fev.-18	PAL	4	mound	worker	127	1	0	0	1	0
7-mar.-18	PAL	1	trail	soldier	27	0	0	0	0	0
7-mar.-18	PAL	1	trail	worker	135	9	6	0	3	0
7-mar.-18	PAL	1	mound	soldier	28	0	0	0	0	0
7-mar.-18	PAL	1	mound	worker	118	0	0	0	0	0
7-mar.-18	PAL	2	trail	soldier	58	0	0	0	0	0
7-mar.-18	PAL	2	trail	worker	140	11	3	1	7	0
7-mar.-18	PAL	2	mound	soldier	37	0	0	0	0	0
7-mar.-18	PAL	2	mound	worker	261	2	0	0	2	0
7-mar.-18	PAL	3	trail	soldier	30	0	0	0	0	0
7-mar.-18	PAL	3	trail	worker	244	27	27	0	0	0
7-mar.-18	PAL	3	mound	soldier	24	0	0	0	0	0
7-mar.-18	PAL	3	mound	worker	337	1	0	0	1	0
7-mar.-18	PAL	4	trail	soldier	58	0	0	0	0	0
7-mar.-18	PAL	4	trail	worker	49	8	5	0	3	0
7-mar.-18	PAL	4	mound	soldier	56	0	0	0	0	0
7-mar.-18	PAL	4	mound	worker	126	0	0	0	0	0
19-mar.-18	PAL	1	trail	soldier	91	0	0	0	0	0
19-mar.-18	PAL	1	trail	worker	208	1	0	0	1	0
19-mar.-18	PAL	1	mound	soldier	39	0	0	0	0	0
19-mar.-18	PAL	1	mound	worker	138	0	0	0	0	0
19-mar.-18	PAL	2	trail	soldier	68	0	0	0	0	0
19-mar.-18	PAL	2	trail	worker	146	6	4	0	2	0
19-mar.-18	PAL	2	mound	soldier	32	0	0	0	0	0
19-mar.-18	PAL	2	mound	worker	72	0	0	0	0	0
19-mar.-18	PAL	3	trail	soldier	45	0	0	0	0	0
19-mar.-18	PAL	3	trail	worker	167	39	35	0	3	1
19-mar.-18	PAL	3	mound	soldier	95	0	0	0	0	0
19-mar.-18	PAL	3	mound	worker	212	0	0	0	0	0
19-mar.-18	PAL	4	trail	soldier	65	0	0	0	0	0
19-mar.-18	PAL	4	trail	worker	127	3	0	0	3	0
19-mar.-18	PAL	4	mound	soldier	44	0	0	0	0	0
19-mar.-18	PAL	4	mound	worker	105	3	0	0	3	0
2-abr.-18	PAL	1	trail	soldier	68	0	0	0	0	0
2-abr.-18	PAL	1	trail	worker	203	11	10	0	1	0
2-abr.-18	PAL	1	mound	soldier	51	0	0	0	0	0
2-abr.-18	PAL	1	mound	worker	34	0	0	0	0	0
2-abr.-18	PAL	2	trail	soldier	51	0	0	0	0	0
2-abr.-18	PAL	2	trail	worker	102	2	0	0	2	0
2-abr.-18	PAL	2	mound	soldier	71	0	0	0	0	0
2-abr.-18	PAL	2	mound	worker	26	0	0	0	0	0
2-abr.-18	PAL	3	trail	soldier	87	0	0	0	0	0
2-abr.-18	PAL	3	trail	worker	384	24	19	0	5	0
2-abr.-18	PAL	3	mound	soldier	43	0	0	0	0	0
2-abr.-18	PAL	3	mound	worker	153	0	0	0	0	0
2-abr.-18	PAL	4	trail	soldier	46	0	0	0	0	0
2-abr.-18	PAL	4	trail	worker	194	3	2	0	1	0
2-abr.-18	PAL	4	mound	soldier	68	0	0	0	0	0
2-abr.-18	PAL	4	mound	worker	123	0	0	0	0	0
16-mai.-18	PAL	1	trail	soldier	10	0	0	0	0	0
16-mai.-18	PAL	1	trail	worker	325	5	3	0	2	0
16-mai.-18	PAL	1	mound	soldier	22	0	0	0	0	0
16-mai.-18	PAL	1	mound	worker	487	0	0	0	0	0
16-mai.-18	PAL	2	trail	soldier	72	0	0	0	0	0
16-mai.-18	PAL	2	trail	worker	368	5	3	0	2	0
16-mai.-18	PAL	2	mound	soldier	91	0	0	0	0	0
16-mai.-18	PAL	2	mound	worker	196	0	0	0	0	0
16-mai.-18	PAL	3	trail	soldier	152	1	0	0	1	0
16-mai.-18	PAL	3	trail	worker	389	87	78	0	9	0
16-mai.-18	PAL	3	mound	soldier	26	0	0	0	0	0
16-mai.-18	PAL	3	mound	worker	476	0	0	0	0	0
16-mai.-18	PAL	5	trail	soldier	66	0	0	0	0	0
16-mai.-18	PAL	5	trail	worker	157	1	0	0	1	0
16-mai.-18	PAL	5	mound	soldier	81	0	0	0	0	0
16-mai.-18	PAL	5	mound	worker	122	0	0	0	0	0
16-mai.-18	PAL	6	trail	soldier	127	0	0	0	0	0
16-mai.-18	PAL	6	trail	worker	124	1	1	0	0	0
16-mai.-18	PAL	6	mound	soldier	205	0	0	0	0	0
16-mai.-18	PAL	6	mound	worker	85	0	0	0	0	0
16-mai.-18	PAL	7	trail	soldier	68	0	0	0	0	0
16-mai.-18	PAL	7	trail	worker	37	2	2	0	0	0
16-mai.-18	PAL	7	mound	soldier	90	0	0	0	0	0
16-mai.-18	PAL	7	mound	worker	270	0	0	0	0	0
30-mai.-18	PAL	1	trail	soldier	58	0	0	0	0	0
30-mai.-18	PAL	1	trail	worker	468	5	0	0	5	0
30-mai.-18	PAL	1	mound	soldier	45	0	0	0	0	0
30-mai.-18	PAL	1	mound	worker	94	0	0	0	0	0
30-mai.-18	PAL	2	trail	soldier	25	0	0	0	0	0
30-mai.-18	PAL	2	trail	worker	77	1	1	0	0	0
30-mai.-18	PAL	2	mound	soldier	55	0	0	0	0	0
30-mai.-18	PAL	2	mound	worker	343	0	0	0	0	0
30-mai.-18	PAL	3	trail	soldier	194	1	0	0	1	0
30-mai.-18	PAL	3	trail	worker	545	14	13	0	1	0
30-mai.-18	PAL	3	mound	soldier	84	0	0	0	0	0
30-mai.-18	PAL	3	mound	worker	214	0	0	0	0	0
30-mai.-18	PAL	4	trail	soldier	149	0	0	0	0	0
30-mai.-18	PAL	4	trail	worker	227	2	0	0	2	0
30-mai.-18	PAL	4	mound	soldier	13	0	0	0	0	0
30-mai.-18	PAL	4	mound	worker	351	0	0	0	0	0
30-mai.-18	PAL	5	trail	soldier	17	0	0	0	0	0
30-mai.-18	PAL	5	trail	worker	227	4	0	0	4	0
30-mai.-18	PAL	5	mound	soldier	11	0	0	0	0	0
30-mai.-18	PAL	5	mound	worker	70	0	0	0	0	0
30-mai.-18	PAL	6	trail	soldier	288	0	0	0	0	0
30-mai.-18	PAL	6	trail	worker	323	3	1	0	2	0
30-mai.-18	PAL	6	mound	soldier	156	0	0	0	0	0
30-mai.-18	PAL	6	mound	worker	204	0	0	0	0	0
30-mai.-18	PAL	7	trail	soldier	124	0	0	0	0	0
30-mai.-18	PAL	7	trail	worker	395	8	3	0	5	0
30-mai.-18	PAL	7	mound	soldier	135	0	0	0	0	0
30-mai.-18	PAL	7	mound	worker	396	0	0	0	0	0
26-jun.-18	EMB	8	trail	soldier	88	0	0	0	0	0
26-jun.-18	EMB	8	trail	worker	79	1	1	0	0	0
26-jun.-18	EMB	8	mound	soldier	37	0	0	0	0	0
26-jun.-18	EMB	8	mound	worker	88	0	0	0	0	0
26-jun.-18	EMB	9	trail	soldier	32	0	0	0	0	0
26-jun.-18	EMB	9	trail	worker	78	0	0	0	0	0
26-jun.-18	EMB	9	mound	soldier	26	0	0	0	0	0
26-jun.-18	EMB	9	mound	worker	52	0	0	0	0	0
26-jun.-18	EMB	10	trail	soldier	75	1	0	0	1	0
26-jun.-18	EMB	10	trail	worker	191	4	1	1	1	1
26-jun.-18	EMB	10	mound	soldier	46	2	0	0	2	0
26-jun.-18	EMB	10	mound	worker	62	0	0	0	0	0
26-jun.-18	EMB	11	trail	soldier	125	0	0	0	0	0
26-jun.-18	EMB	11	trail	worker	68	2	1	0	0	1
26-jun.-18	EMB	11	mound	soldier	143	0	0	0	0	0
26-jun.-18	EMB	11	mound	worker	81	1	0	0	1	0
26-jun.-18	EMB	12	trail	soldier	102	0	0	0	0	0
26-jun.-18	EMB	12	trail	worker	215	34	27	0	6	1
26-jun.-18	EMB	12	mound	soldier	36	0	0	0	0	0
26-jun.-18	EMB	12	mound	worker	78	0	0	0	0	0
26-jun.-18	EMB	13	trail	soldier	57	0	0	0	0	0
26-jun.-18	EMB	13	trail	worker	101	1	1	0	0	0
26-jun.-18	EMB	13	mound	soldier	21	0	0	0	0	0
26-jun.-18	EMB	13	mound	worker	69	0	0	0	0	0
24-jul.-18	EMB	8	trail	soldier	45	0	0	0	0	0
24-jul.-18	EMB	8	trail	worker	104	1	1	0	0	0
24-jul.-18	EMB	8	mound	soldier	13	0	0	0	0	0
24-jul.-18	EMB	8	mound	worker	57	0	0	0	0	0
24-jul.-18	EMB	9	trail	soldier	31	0	0	0	0	0
24-jul.-18	EMB	9	trail	worker	69	0	0	0	0	0
24-jul.-18	EMB	9	mound	soldier	11	0	0	0	0	0
24-jul.-18	EMB	9	mound	worker	47	0	0	0	0	0
24-jul.-18	EMB	10	trail	soldier	34	0	0	0	0	0
24-jul.-18	EMB	10	trail	worker	129	1	1	0	0	0
24-jul.-18	EMB	10	mound	soldier	49	0	0	0	0	0
24-jul.-18	EMB	10	mound	worker	119	0	0	0	0	0
24-jul.-18	EMB	11	trail	soldier	82	0	0	0	0	0
24-jul.-18	EMB	11	trail	worker	114	5	1	1	3	0
24-jul.-18	EMB	11	mound	soldier	112	0	0	0	0	0
24-jul.-18	EMB	11	mound	worker	46	0	0	0	0	0
24-jul.-18	EMB	12	trail	soldier	40	0	0	0	0	0
24-jul.-18	EMB	12	trail	worker	242	7	4	0	3	0
24-jul.-18	EMB	12	mound	soldier	32	0	0	0	0	0
24-jul.-18	EMB	12	mound	worker	56	0	0	0	0	0
24-jul.-18	EMB	13	trail	soldier	13	0	0	0	0	0
24-jul.-18	EMB	13	trail	worker	43	0	0	0	0	0
24-jul.-18	EMB	13	mound	soldier	24	0	0	0	0	0
24-jul.-18	EMB	13	mound	worker	58	0	0	0	0	0
6-ago.-18	EMB	8	trail	worker	283	1	1	0	0	0
6-ago.-18	EMB	8	trail	worker	435	162	151	4	7	0
6-ago.-18	EMB	9	trail	soldier	23	0	0	0	0	0
6-ago.-18	EMB	9	trail	worker	134	0	0	0	0	0
6-ago.-18	EMB	10	trail	soldier	54	0	0	0	0	0
6-ago.-18	EMB	10	trail	worker	260	1	0	1	0	0
6-ago.-18	EMB	10	mound	soldier	46	0	0	0	0	0
6-ago.-18	EMB	10	mound	worker	137	0	0	0	0	0
6-ago.-18	EMB	11	trail	soldier	88	0	0	0	0	0
6-ago.-18	EMB	11	trail	worker	110	5	4	1	0	0
6-ago.-18	EMB	11	mound	soldier	112	0	0	0	0	0
6-ago.-18	EMB	11	mound	worker	178	0	0	0	0	0
6-ago.-18	EMB	12	trail	soldier	24	0	0	0	0	0
6-ago.-18	EMB	12	trail	worker	13	1	0	0	1	0
6-ago.-18	EMB	12	mound	soldier	15	0	0	0	0	0
6-ago.-18	EMB	12	mound	worker	28	0	0	0	0	0
6-ago.-18	EMB	13	trail	soldier	17	0	0	0	0	0
6-ago.-18	EMB	13	trail	worker	39	0	0	0	0	0
6-ago.-18	EMB	13	mound	soldier	12	0	0	0	0	0
6-ago.-18	EMB	13	mound	worker	56	0	0	0	0	0
6-ago.-18	EMB	13	mound	soldier	11	0	0	0	0	0
6-ago.-18	EMB	13	mound	worker	47	0	0	0	0	0
3-set.-18	EMB	8	trial	worker	126	1	1	0	0	0
3-set.-18	EMB	8	trail	worker	327	20	16	2	2	0
3-set.-18	EMB	8	mound	soldier	112	0	0	0	0	0
3-set.-18	EMB	8	mound	worker	124	0	0	0	0	0
3-set.-18	EMB	10	trail	soldier	66	0	0	0	0	0
3-set.-18	EMB	10	trail	worker	386	16	4	11	1	0
3-set.-18	EMB	10	mound	soldier	7	0	0	0	0	0
3-set.-18	EMB	10	mound	worker	30	0	0	0	0	0
3-set.-18	EMB	11	trail	soldier	58	0	0	0	0	0
3-set.-18	EMB	11	trail	worker	114	0	0	0	0	0
3-set.-18	EMB	12	trail	soldier	89	0	0	0	0	0
3-set.-18	EMB	12	trail	worker	335	12	8	0	4	0
3-set.-18	EMB	12	mound	soldier	69	0	0	0	0	0
3-set.-18	EMB	12	mound	worker	90	0	0	0	0	0
24-set.-18	EMB	8	trail	soldier	211	5	0	0	5	0
24-set.-18	EMB	8	trail	worker	422	23	16	2	5	0
24-set.-18	EMB	8	mound	soldier	84	0	0	0	0	0
24-set.-18	EMB	8	mound	worker	116	0	0	0	0	0
24-set.-18	EMB	9	trail	soldier	112	0	0	0	0	0
24-set.-18	EMB	9	trail	worker	145	0	0	0	0	0
24-set.-18	EMB	9	mound	soldier	25	0	0	0	0	0
24-set.-18	EMB	9	mound	worker	97	0	0	0	0	0
24-set.-18	EMB	10	trail	soldier	38	0	0	0	0	0
24-set.-18	EMB	10	trail	worker	223	2	0	2	0	0
24-set.-18	EMB	10	mound	soldier	35	0	0	0	0	0
24-set.-18	EMB	10	mound	worker	52	0	0	0	0	0
24-set.-18	EMB	11	trail	soldier	90	0	0	0	0	0
24-set.-18	EMB	11	trail	worker	315	3	2	0	1	0
24-set.-18	EMB	12	trail	soldier	80	0	0	0	0	0
24-set.-18	EMB	12	trail	worker	306	3	0	0	3	0
24-set.-18	EMB	12	mound	soldier	56	0	0	0	0	0
24-set.-18	EMB	12	mound	worker	118	0	0	0	0	0
8-out.-18	UFT	14	trail	soldier	110	0	0	0	0	0
8-out.-18	UFT	14	trail	worker	411	3	1	1	0	1
8-out.-18	UFT	14	mound	soldier	146	0	0	0	0	0
8-out.-18	UFT	14	mound	worker	422	0	0	0	0	0
8-out.-18	UFT	15	trail	soldier	126	0	0	0	0	0
8-out.-18	UFT	15	trail	worker	209	9	1	0	0	8
8-out.-18	UFT	15	mound	soldier	113	0	0	0	0	0
8-out.-18	UFT	15	mound	worker	103	1	0	0	0	1
8-out.-18	UFT	16	trail	soldier	94	0	0	0	0	0
8-out.-18	UFT	16	trail	worker	352	7	0	2	1	4
22-out.-18	UFT	14	trail	soldier	157	0	0	0	0	0
22-out.-18	UFT	14	trail	worker	459	2	0	0	2	0
22-out.-18	UFT	14	mound	soldier	285	0	0	0	0	0
22-out.-18	UFT	14	mound	worker	418	0	0	0	0	0
22-out.-18	UFT	15	trail	soldier	176	0	0	0	0	0
22-out.-18	UFT	15	trail	worker	212	65	0	5	0	60
22-out.-18	UFT	15	mound	soldier	151	0	0	0	0	0
22-out.-18	UFT	15	mound	worker	216	1	0	0	0	1
22-out.-18	UFT	16	trail	soldier	159	0	0	0	0	0
22-out.-18	UFT	16	trail	worker	414	47	3	22	8	14
5-nov.-18	UFT	14	mound	soldier	151	0	0	0	0	0
5-nov.-18	UFT	14	mound	worker	363	0	0	0	0	0
5-nov.-18	UFT	15	trail	soldier	123	0	0	0	0	0
5-nov.-18	UFT	15	trail	worker	411	126	0	3	3	120
5-nov.-18	UFT	15	mound	soldier	155	0	0	0	0	0
5-nov.-18	UFT	15	mound	worker	355	5	0	0	0	5
5-nov.-18	UFT	16	trail	soldier	121	2	0	0	2	0
5-nov.-18	UFT	16	trail	worker	439	86	3	23	35	25
30-jan.-19	UFT	17	trail	soldier	55	0	0	0	0	0
30-jan.-19	UFT	17	trail	worker	684	11	0	1	3	7
30-jan.-19	UFT	17	mound	soldier	87	0	0	0	0	0
30-jan.-19	UFT	17	mound	worker	733	4	0	0	1	3
30-jan.-19	UFT	18	trail	soldier	59	0	0	0	0	0
30-jan.-19	UFT	18	trail	worker	434	86	0	79	0	7
30-jan.-19	UFT	18	mound	soldier	68	0	0	0	0	0
30-jan.-19	UFT	18	mound	worker	539	4	0	0	0	4
