group	parasite	total_ants	total_parasitized	percent_parasitized_total	percent_parasitized
PAL_trail_soldiers	a_attophilus	2234	0	0.0	0.0
PAL_trail_soldiers	a_vicosae	2234	0	0.0	0.0
PAL_trail_soldiers	n_erthali	2234	2	0.08952551477170993	100.0
PAL_trail_soldiers	m_grandicornis	2234	0	0.0	0.0
EMB_trail_soldiers	a_attophilus	1674	0	0.0	0.0
EMB_trail_soldiers	a_vicosae	1674	0	0.0	0.0
EMB_trail_soldiers	n_erthali	1674	6	0.35842293906810035	100.0
EMB_trail_soldiers	m_grandicornis	1674	0	0.0	0.0
UFT_trail_soldiers	a_attophilus	1180	0	0.0	0.0
UFT_trail_soldiers	a_vicosae	1180	0	0.0	0.0
UFT_trail_soldiers	n_erthali	1180	2	0.1694915254237288	100.0
UFT_trail_soldiers	m_grandicornis	1180	0	0.0	0.0
PAL_trail_workers	a_attophilus	6735	265	3.9346696362286564	74.85875706214689
PAL_trail_workers	a_vicosae	6735	1	0.014847809948032666	0.2824858757062147
PAL_trail_workers	n_erthali	6735	86	1.276911655530809	24.293785310734464
PAL_trail_workers	m_grandicornis	6735	2	0.029695619896065333	0.5649717514124294
EMB_trail_workers	a_attophilus	5280	240	4.545454545454546	78.68852459016394
EMB_trail_workers	a_vicosae	5280	25	0.4734848484848485	8.19672131147541
EMB_trail_workers	n_erthali	5280	37	0.7007575757575758	12.131147540983607
EMB_trail_workers	m_grandicornis	5280	3	0.056818181818181816	0.9836065573770493
UFT_trail_workers	a_attophilus	4025	8	0.1987577639751553	1.809954751131222
UFT_trail_workers	a_vicosae	4025	136	3.37888198757764	30.76923076923077
UFT_trail_workers	n_erthali	4025	52	1.2919254658385093	11.76470588235294
UFT_trail_workers	m_grandicornis	4025	246	6.111801242236025	55.65610859728507
